id_en,name_en,category_en,description_en,base_price_en,main_image_en,Image_1_en,Plain white image_en,Plain red image_en,Plain beige image_en,,Image_2_en,Image_3_en,Image_4_en,the color_en,Capacity_en,Quantity_en,Print type_en
Loading...,Loading...,Loading...,Loading...,,Loading...,Loading...,Loading...,Loading...,Loading...,,Loading...,Loading...,Loading...,Loading...,Loading...,Loading...,Loading...
Loading...,Loading...,Loading...,Loading...,,Loading...,Loading...,,,,,Loading...,,,Loading...,,Loading...,Loading...
Loading...,Loading...,Loading...,Loading...,,Loading...,Loading...,,,,,Loading...,,,Loading...,Loading...,Loading...,Loading...
Loading...,Loading...,Loading...,Loading...,,Loading...,Loading...,,,,,Loading...,,,Loading...,Loading...,Loading...,Loading...
Loading...,Loading...,Loading...,Loading...,,Loading...,Loading...,,,,,,,,Loading...,Loading...,Loading...,Loading...
Loading...,Loading...,Loading...,Loading...,,Loading...,Loading...,,,,,Loading...,,,Loading...,Loading...,Loading...,Loading...
Loading...,Loading...,Loading...,Loading...,,Loading...,Loading...,,,,,Loading...,,,Loading...,Loading...,Loading...,Loading...
Loading...,Loading...,Loading...,Loading...,,Loading...,,,,,,,,,Loading...,Loading...,Loading...,Loading...
Loading...,Loading...,Loading...,Loading...,,Loading...,Loading...,,,,,,,,Loading...,,Loading...,Loading...
Loading...,Loading...,Loading...,Loading...,,Loading...,Loading...,,,,,Loading...,,,Loading...,,Loading...,Loading...
Loading...,Loading...,Loading...,Loading...,,Loading...,Loading...,,,,,Loading...,,,Loading...,,Loading...,Loading...
Loading...,Loading...,Loading...,Loading...,,Loading...,Loading...,,,,,Loading...,,,Loading...,,Loading...,Loading...
Loading...,Loading...,Loading...,Loading...,,Loading...,Loading...,,,,,Loading...,,,Loading...,,Loading...,Loading...
Loading...,Loading...,Loading...,,,Loading...,Loading...,,,,,Loading...,,,Loading...,,Loading...,Loading...
Loading...,Loading...,Loading...,Loading...,,Loading...,Loading...,,,,,Loading...,,,Loading...,,Loading...,Loading...
Loading...,Loading...,Loading...,Loading...,,Loading...,Loading...,,,,,Loading...,,,Loading...,,Loading...,Loading...
Loading...,Loading...,Loading...,Loading...,,Loading...,Loading...,,,,,Loading...,,,Loading...,,Loading...,Loading...
Loading...,Loading...,Loading...,Loading...,,Loading...,Loading...,,,,,Loading...,,,Loading...,,Loading...,Loading...
Loading...,Loading...,Loading...,Loading...,,Loading...,Loading...,,,,,Loading...,,,Loading...,,Loading...,Loading...